image_file,description
./images/cars/2101-42700001.png," This is a colorful and stylized image of a city street. On the right side, there's a red car with a sleek design, possibly a luxury or performance vehicle. The car appears to be in motion on a paved road. The buildings lining the street have vibrant colors, predominantly red and green, with detailed architectural features such as balconies and window frames that suggest a European city. There are no visible texts in the image. The sky is overcast, and there's a hazy effect near the horizon, suggesting either an early morning or late afternoon setting. The overall style of the image suggests it could be used for promotional purposes, showcasing the car in an appealing urban environment. "
./images/cars/2101-42700002.png," The image shows a vibrant orange Ford Mustang convertible driving down a city street. The car has the top down, allowing us to see its interior. It's a sunny day with a clear blue sky and white clouds. In the background, there are buildings that appear to be traditional Spanish architecture, indicating that this might be in Spain or a location that mimics it.

The road is lined with trees and a few cars, suggesting an urban environment. There's a large building with columns on the left side of the image. The street seems to have a European feel due to the style of the buildings and the layout of the road.

In the upper right corner of the image, there's a text that reads ""Ford Mustang,"" indicating the make and model of the car. In the lower left corner, there is another piece of text that says ""Bolsa de Madrid,"" which translates to ""Madrid Stock Exchange"" in English, implying that this image might be related to an advertisement or promotion involving the stock exchange.

The overall atmosphere is lively and dynamic, with a sense of motion implied by the car's direction and the blurred background that suggests speed. The lighting indicates it's daytime. "
./images/cars/2101-42700003.png," The image depicts a blue Chevrolet car parked on the street in what appears to be an urban setting. The car has the Chevrolet logo on the front and is styled with a modern design, featuring sleek lines and alloy wheels. It's a sunny day, and the street is lined with buildings. There are people visible on the sidewalks, adding to the lively atmosphere of the city scene. The image has an artistic quality, possibly suggesting it's a promotional or conceptual photograph rather than an actual moment captured in time. "
./images/cars/2101-42700004.png," The image depicts a modern vehicle, specifically a Nissan car with the model name ""GTR"" and the year ""2021,"" parked on what appears to be a cobblestone street in a city with colorful buildings. There is a clear sky above, suggesting it might be late afternoon or early evening due to the soft lighting. The architecture of the buildings is reminiscent of Latin American or Mediterranean styles, with balconies and vibrant colors that contrast against the vehicle's sleek design. The car itself has a sporty appearance, with a glossy finish that reflects some of the surrounding lights. There are no visible texts within the image that convey additional context about the location or event. "
./images/cars/2101-42700005.png," The image depicts a bright orange Volkswagen car positioned in the center, with a clear and focused design that highlights its front and side profile. It's driving down a street lined with buildings on both sides, suggesting an urban setting, possibly in a Latin American country given the architectural style of the buildings. In the background, there is a bustling atmosphere with people walking about and colorful umbrellas being used by some individuals, indicating it might be a sunny day or that the location experiences frequent rain.

The sky is clear and blue, which contrasts with the warm, sunlit hues of the scene. There are no visible texts within the image. The overall impression is one of vibrancy and energy, typical of a lively cityscape. "
./images/cars/2101-42700006.png," The image shows a modern SUV parked on the side of a street. The vehicle is vibrant, with an orange and silver color scheme, featuring a prominent grille with the Ford logo in the center. It has sleek design elements, such as sharp angles and a distinctive front bumper. The SUV is parked in a sunlit town square where people are visible, suggesting a warm climate. The architecture of the buildings around the square is indicative of European or Latin American style. There are colorful facades with terracotta tiles and brightly painted shutters, which add to the charm of the scene. The street appears well-maintained, with cobblestones and potted plants along its edge. In the background, there's a glimpse of mountains under a clear sky, enhancing the picturesque quality of the location. The overall impression is that of an advertisement or promotional image for the vehicle, showcasing its design in a visually appealing environment. "
./images/cars/2101-42700007.png," The image is a promotional or conceptual photograph featuring a Chevrolet car. It's staged in an urban setting with an old-world charm, as indicated by the cobblestone street and traditional European architecture. The car is presented in profile, driving down the center of the street. The car has a sleek design, suggesting it may be a modern model or a concept vehicle. The background shows pedestrians on the sidewalks, adding to the lively atmosphere of the scene. There's no visible text within the image that provides additional context or information about the car or its surroundings. "
./images/cars/2101-42700008.png," The image shows a futuristic green and black Kia car on a city street. The vehicle is a concept car with a distinctive design, featuring sleek lines and an advanced aesthetic that suggests modern technology and aerodynamics. It's driving down the middle of the road, which is lined with buildings, and there are people walking along the sidewalks. The setting appears to be in a city with warm lighting, possibly during sunset or early morning, as the sky has a gradient from light to dark blue. The car itself has a prominent front grille that resembles a honeycomb pattern, large headlights, and alloy wheels that match the body color. The image is likely a digital rendering or illustration meant to showcase the design of this concept vehicle in an urban environment. There are no visible texts on the image. "
./images/cars/2101-42700009.png," This is a digital advertisement or promotional image featuring a modern SUV parked on the side of a street in a picturesque town. The vehicle appears to be a Hyundai Santa Fe, as indicated by the branding and distinctive design. The setting suggests a vibrant tourist destination with colorful buildings and traditional architecture, possibly in Latin America given the Spanish influence in the architecture and language. There are people walking around, which adds a lively atmosphere to the scene. In the background, there is a large building with ornate detailing, and the sky is clear, suggesting it might be early evening. The image is staged for an advertising purpose, likely to showcase the vehicle in an appealing environment. "
./images/cars/2101-42700010.png," The image shows a vibrant scene of a street lined with buildings and shops, bathed in sunlight. Dominating the foreground is a sleek, green Chevrolet Corvette C8 sports car. It's positioned on the right side of the road, facing towards the left side of the photo, giving an impression of motion as if it's driving down the street. The vehicle has distinctive features such as a low, wide stance and sculpted lines that are characteristic of modern sports cars.

The setting appears to be an urban environment with a European architectural style, indicated by the buildings with terracotta roofs and ornate details. There is a notable presence of a church tower in the background, suggesting the street may be located in a historical district or old town. The sky above is clear, indicating good weather conditions.

The overall mood conveyed by the image is that of a pleasant day with the Corvette adding an element of excitement and luxury. There are no visible texts within the image itself. "
./images/cars/2101-42700011.png," The image shows a modern, green Hyundai car driving down a colorful street. The vehicle is positioned in the foreground and is styled with sleek lines and contemporary features. In the background, there are vibrant buildings on both sides of the road, suggesting an urban setting with a lively atmosphere. The sky is clear, indicating good weather conditions. There are no visible texts or distinctive branding aside from the car's emblem and the visible license plate, which reads ""PIKA."" The overall impression is that of a promotional advertisement showcasing the Hyundai vehicle in an appealing environment. "
./images/cars/2101-42700012.png," The image shows a modern electric car on a street in what appears to be a Latin American city. The architecture and signage indicate a colonial cityscape, with traditional buildings featuring balconies and decorative elements. There are people walking on the sidewalks, adding to the urban atmosphere of the scene.

The car is purple and has the distinctive design language associated with Korean automotive brands, such as the futuristic grille and alloy wheels. It features a prominent badge in front and the brand name ""KIA"" on the side. The car's sleek lines suggest a focus on aerodynamics for improved efficiency, which is characteristic of electric vehicles.

The overall style of the image suggests it could be promotional or conceptual material, designed to showcase the car in an urban setting and to imply that this vehicle is part of a cityscape that values cultural heritage while also embracing modern technology. The sky is clear with no visible clouds, suggesting fair weather conditions at the time the photo was taken. "
./images/cars/2101-42700013.png," The image depicts a modern, blue-colored hybrid electric vehicle (HEV) with a sporty design, parked in front of a city street lined with historic buildings. The car is equipped with sleek alloy wheels and has a prominent grille and LED headlights that give it a contemporary look. It is positioned on the right side of the image, facing towards the viewer.

The street itself is adorned with traditional European-style architecture featuring colorful facades and ornate details, suggesting a charming, possibly colonial town. The buildings are closely packed together, indicating a dense urban area.

In the background, there's a majestic mountain under a partly cloudy sky, adding to the scenic nature of the image. The mountain appears in the distance, partially obscured by clouds, but still prominently visible.

The road is paved and clear, indicating well-maintained infrastructure. There are no people or moving vehicles visible in the immediate vicinity of the car.

The style of the image is a promotional or editorial photograph with a focus on the car as the subject. The overall composition of the image suggests that this could be used for advertising purposes to showcase the vehicle's design and suitability for various driving conditions, from city streets to scenic mountain roads. "
./images/cars/2101-42700014.png," The image features a vibrant blue Mazda Miata sports car on a street that appears to be in an urban setting. The car is positioned towards the center of the frame, with its front facing slightly to the right. It has the distinctive Mazda grille, which is a part of the brand's design language. The background shows colorful buildings and structures, suggesting a lively and possibly tourist-friendly location. There are people visible in the scene, adding to the urban atmosphere. The sky above is clear, indicating good weather. "
./images/cars/2101-42700015.png," The image shows a vibrant street scene with a modern blue SUV parked by the curb. The vehicle is a contemporary model, possibly a sports utility vehicle or an SUV crossover, characterized by its sleek design and distinct grille. The car features a prominent front bumper that includes what appears to be a spoiler or air intake design.

The street itself is lined with traditional buildings on both sides, suggesting a historic or well-preserved urban area. These structures have Spanish-style architecture, featuring balconies and decorative facades. The road is flanked by plants and flowers, adding a touch of greenery to the scene.

In the background, there are majestic mountains that provide a serene backdrop. A few people can be seen in the distance, but they are too small to discern any details. There are no visible texts or distinctive marks that would allow for identification of specific brands or models. The overall impression is that of a picturesque urban landscape in a region where European-style architecture is common. "
./images/cars/2101-42700016.png," The image shows a blue Honda CR-V SUV parked on a cobblestone street in what appears to be a European city, with buildings featuring Spanish architecture and an umbrella visible at the right edge. In the background, there is a large plaza or square flanked by buildings on both sides, indicating a bustling urban area. The sky is partly cloudy, suggesting a pleasant day. The image has been edited to enhance colors and clarity; it is not a real-time photograph but rather a staged image with digital alterations. There are no texts visible in the image. "
./images/cars/2101-42700017.png," The image shows a vibrant teal Chevrolet SUV parked in front of an old European-style building with detailed architectural features. The vehicle is positioned centrally and appears to be the main subject of the photograph. In the background, there are people walking on a street lined with traditional buildings. Above them, the sky is visible but not detailed. On the left side of the image, there's text that reads ""Chevrolet"" in bold white letters. The overall style of the image suggests a promotional or advertisement context for the vehicle. "
./images/cars/2101-42700018.png," The image shows a modern SUV parked in front of a colorful European-style building, possibly indicating an urban or downtown area. The vehicle is an electric car with visible charging ports on its sides, suggesting it is environmentally friendly. It features sleek design elements such as a prominent grille, angular headlights, and large wheels that give it a contemporary look. The car brand name ""CHEVROLET"" is clearly visible on the front grille.

The architecture of the building suggests a warm climate, with pastel hues on the facade, and there are balconies visible on different levels. Behind the vehicle, there is a bustling street scene with buildings that have a similar color palette to the one in the foreground, contributing to the vibrant atmosphere of the cityscape.

In the top left corner of the image, there's a small text that reads ""2023,"" indicating the timeframe when this car may have been introduced or available for purchase. The image itself has a high-resolution, detailed quality typical of promotional materials for automobiles. "
./images/cars/2101-42700019.png," The image shows a red Hyundai car parked on a cobblestone street in what appears to be an urban area. The car is facing towards the viewer and is set against the backdrop of colorful buildings and traditional Latin American architectural details. The setting suggests a warm, sunny climate, as indicated by the blue sky and the lush greenery visible in the distance. The street where the car is parked has old-world charm, with buildings that feature bright red walls, and there are trees lining the streets. There's text on the image indicating ""2018"" which could suggest a specific event or a milestone related to the vehicle or the company it represents. The overall impression is of a vibrant city scene, possibly celebrating the launch or success of the car model in question. "
./images/cars/2101-42700020.png," The image shows a red SUV parked in an urban setting. It appears to be a stylized or digitally enhanced photograph, given the clarity and vibrancy of the scene. In the background, there are colorful buildings, suggesting a lively city environment. The vehicle is adorned with the Chevrolet logo on its front grille. There's also a license plate visible on the car. The sky above is a gradient of orange and blue hues, indicating either sunrise or sunset. The overall aesthetic of the image gives it a dreamlike quality. "
./images/cars/2101-42700021.png," The image shows a modern car, which appears to be the Hyundai Santa Fe, positioned in front of an urban building with classical architecture and decorative details. The car has a sleek design, featuring a prominent grille and alloy wheels. In the background, there is a cityscape that includes ornate buildings with a European-style aesthetic. There's also a street sign indicating ""Plaza Mayor"" which suggests this could be in Spain. A large clock tower can be seen, reinforcing the urban setting. The lighting suggests either early morning or late afternoon, as indicated by the soft shadows and the warm tones of the sky. "
./images/cars/2101-42700022.png," The image shows a modern blue Hyundai car driving on a street. The car is designed with sleek lines and contemporary features, including alloy wheels, LED headlights, and visible antennas. There's a license plate at the front of the vehicle, which reads ""RTO-1234"".

The background reveals an urban setting with old buildings and a cobblestone street that suggests this might be in a historic or colonial area, possibly in Latin America or Southeast Asia. The architecture is characterized by balconies and ornate details, and the street appears to be lined with shops and residential units. There are no visible texts on the car itself, but the image has been edited to include a small text at the bottom left corner that reads ""Hyundai"".

The style of the image is realistic with a focus on advertising or showcasing the vehicle. The car is positioned in the center, drawing attention to it while the background provides context for its environment. "
./images/cars/2101-42700023.png," This is a digital artwork depicting a vibrant city scene in what appears to be South Asia, likely inspired by locations such as Old Town in Lalibela, Ethiopia, or perhaps an Asian locale. The architecture has elements typical of historical city centers, with traditional buildings and balconies, often found in Latin America or Africa but could also be part of an artistic interpretation of an Indian or Southeast Asian town.

In the foreground, there's a modern hatchback car parked on the side of the street, suggesting a blend of old and new, which is common in many cities around the world. The car has a distinctive design with a sleek silhouette, indicative of contemporary automotive styles.

The street is bustling with activity; people are walking, and cars are parked or moving along the road. There's an umbrella vendor on the right side of the image, which adds to the urban ambiance. The street is lined with various shops and stands, contributing to the lively atmosphere.

In the background, there is a mountain range that resembles the Alps or the Andes, adding a sense of depth and scale to the scene. Above the buildings, there are clouds, which suggests it might be a sunny day. The city appears to be built on a hillside, as indicated by the elevated perspective from which the image is taken.

Overall, the artwork captures a moment of everyday life in a place where tradition meets modernity. "
./images/cars/2101-42700024.png," The image depicts a modern red sedan parked in front of a building. The car is a Hyundai, as indicated by the logo on its grille. It's a sunny day with clear skies and the cityscape is visible in the background. There's an urban setting with buildings and city infrastructure, suggesting this might be in a downtown area. The sky above has clouds but seems mostly clear, contributing to a bright atmosphere. The image is styled as an illustration rather than a photograph. "
./images/cars/2101-42700025.png," This image features a modern blue Hyundai car parked on the side of a street. The car is positioned in front of several vibrant buildings with traditional architecture, which suggests this scene takes place in an urban area with Spanish or Latin American influence. The car is adorned with shiny chrome elements and has a sleek design.

The background shows palm trees lining the street, adding to the tropical vibe of the location. There's a clear sky above, indicating fair weather. A couple of people can be seen in the distance, adding life to the scene. The street is lined with colorful market stalls that look like they sell souvenirs or street food.

The image has a bright and cheerful atmosphere, possibly taken during daylight. There are no visible texts or distinctive brands apart from the car model. "
./images/cars/2101-42700026.png," The image depicts a sleek, black, modern SUV parked on a street in what appears to be an urban area with colonial architecture. There is a lively atmosphere, with people walking and buildings adorned with colorful decorations. The sky is clear, suggesting it could be early morning or late afternoon. In the background, there's a clock tower visible, adding to the historical ambiance of the scene. The image seems to be staged for promotional purposes, showcasing the vehicle in an appealing environment. There are no texts present in the image. "
./images/cars/2101-42700027.png," This is a digital illustration of a car parked in front of traditional Spanish buildings. The vehicle, which appears to be a Subaru model, has been modified with aesthetic enhancements such as an aftermarket body kit and wheels, along with a custom hood vent. It's depicted in grayscale with color accents on the car's design elements. The style suggests it might be used for conceptual purposes or promotional material related to automotive modifications or tuning culture. There is text in the upper left corner that reads ""SUBARU,"" indicating the brand of the vehicle. "
./images/cars/2101-42700028.png," The image depicts a vibrant scene set in what appears to be an urban area, likely inspired by Latin American architecture. A green Honda pickup truck is the central focus of the image, parked on the side of a street lined with traditional buildings featuring tiled roofs and ornate balconies. The street is bustling with activity; pedestrians can be seen walking along the sidewalk, and there's a small shop selling goods on the corner.

The buildings display colorful signs and banners, contributing to the lively atmosphere of the scene. In the foreground, there's a large umbrella, possibly part of an outdoor seating arrangement for a nearby establishment. The street is well-maintained, with clear markings indicating parking restrictions.

The background shows more of the urban landscape, with buildings extending towards the horizon under a clear blue sky. There are no visible texts in the image that provide additional context or information about the scene or the vehicle.

The overall style of the image is realistic and appears to be a promotional photograph for the Honda truck, showcasing it in an appealing environment. "
./images/cars/2101-42700029.png," The image depicts a vibrant urban scene. There's a modern car, painted in an eye-catching shade of green or turquoise, parked on the side of a road. The car is a Hyundai Kona, as indicated by the visible model name and brand logo.

The car is positioned in front of a charming old building with colorful balconies, suggesting a historical district. The architecture and details of the buildings suggest a Latin American city, possibly Mexico City.

The street itself is lively with pedestrians and shops, indicating that this area is a popular spot for locals and tourists alike. There's an umbrella on the sidewalk, perhaps belonging to a street vendor or caf√©.

In the background, there are signs of modernity coexisting with historical buildings. The presence of contemporary elements like a traffic light and street lamps implies that this city has adapted its urban environment while preserving its heritage.

The sky overhead is filled with clouds, suggesting either an early morning or late afternoon setting. The overall atmosphere of the image is one of energy and progress in a culturally rich environment. "
./images/cars/2101-42700030.png," The image depicts a blue Ford Mustang convertible car parked on the side of a road in an urban setting. The car has a distinctive design with a long hood and a short rear deck, typical of American muscle cars. It features a modern grille, sleek headlights, and alloy wheels. The vehicle is adorned with a convertible top down, indicating that it's ready to drive.

The background shows a city street lined with buildings on either side, giving the impression of an urban environment. People can be seen in the distance, going about their daily activities. There are also some street signs and elements like potted plants and umbrellas, contributing to the lively atmosphere of a busy city street.

The car is the central focus of the image, with its vibrant blue color standing out against the more muted colors of the cityscape. It's positioned in such a way that it looks towards the viewer, inviting them into this dynamic scene. The overall impression is that of an advertisement or promotional image highlighting the vehicle's design and appeal within a bustling urban setting. "
./images/cars/2101-42700031.png," The image shows a vibrant street scene with colorful buildings and umbrellas, suggesting a lively marketplace in an urban area. In the foreground, there is a modern green car parked on the side of the street. The car has an open roof, allowing for a clear view into the cabin. It features distinctive design elements, including a bold front grille with the logo in the center, and sleek lines that give it a contemporary look.

The photo has been taken from an angle that places the car slightly above the street level, providing a panoramic view of the street and buildings in the background. The perspective allows for a full view of the vehicle's design and color. There are no visible texts or distinctive brands in the image that would indicate its origin or the model of the car. "
